create database noteatyet;
use noteatyet;

INSERT INTO noteatyet.users (id, cognome, datadinascita, email, nome, password, ruolo, username) VALUES (1, 'noteatyet', '2021-05-21', 'admin@noteatyet.com', 'NOTEATYET', '$2a$10$FSx56Vfra20ZHdTTnD3lku.2upe7FsHhJDDP6m28HCfkZZzJ4gBj6', 'ADMIN', 'admin');
INSERT INTO noteatyet.users (id, cognome, datadinascita, email, nome, password, ruolo, username) VALUES (2, 'Carollo', '1999-01-13', 'edoardocarollo1999@gmail.com', 'Edoardo', '$2a$10$6U/dMky28mo0zYa4zABvr.K0GW3sTrE9M/hatygsHbKurQgWLmqrC', 'USER', 'edoardo');
INSERT INTO noteatyet.users (id, cognome, datadinascita, email, nome, password, ruolo, username) VALUES (3, 'Tuttolomondo', '1994-05-04', 'prova@prova.com', 'Domenico', '$2a$10$vey3iQMz9cV8SYM7p0/sT.PNEoYZqx6pt.vzGqUal7STbtYM.syvS', 'USER', 'domenico');
INSERT INTO noteatyet.users (id, cognome, datadinascita, email, nome, password, ruolo, username) VALUES (4, 'Annicchiarico', '1993-10-12', 'annicchiaricomarco93@gmail.com', 'Marco', '$2a$10$r38JmIb8EfqNeVwTj0rZjOsp1d53A2X6T6WqnkforwAz2TTDejWFO', 'USER', 'marco');
INSERT INTO noteatyet.users (id, cognome, datadinascita, email, nome, password, ruolo, username) VALUES (5, 'Lamarmora', '1994-08-25', 'giovannilamarmora.working@gmail.com', 'Giovanni', '$2a$10$mJsM/E.oEGLz8BtFLienIux0mLV6WI/5LZxO2kj9t/yiUIHlf5Try', 'USER', 'giovanni');

INSERT INTO noteatyet.categorie (id, immagine, nome) VALUES (1, 'pizza.jpg', 'Pizza');
INSERT INTO noteatyet.categorie (id, immagine, nome) VALUES (2, 'pasta.jpg', 'Pasta');
INSERT INTO noteatyet.categorie (id, immagine, nome) VALUES (3, 'carne.jpg', 'Carne');
INSERT INTO noteatyet.categorie (id, immagine, nome) VALUES (4, 'hamburger.jpg', 'Hamburger');
INSERT INTO noteatyet.categorie (id, immagine, nome) VALUES (5, 'contorno.jpg', 'Contorno');
INSERT INTO noteatyet.categorie (id, immagine, nome) VALUES (6, 'pesce.jpg', 'Pesce');
INSERT INTO noteatyet.categorie (id, immagine, nome) VALUES (7, 'vegano.jpg', 'Vegano');
INSERT INTO noteatyet.categorie (id, immagine, nome) VALUES (8, 'insalate.jpg', 'Insalate');
INSERT INTO noteatyet.categorie (id, immagine, nome) VALUES (9, 'fritti.jpg', 'Fritti');
INSERT INTO noteatyet.categorie (id, immagine, nome) VALUES (10, 'paella.jpg', 'Spagnola');
INSERT INTO noteatyet.categorie (id, immagine, nome) VALUES (11, 'giapponese.jpg', 'Giapponese');
INSERT INTO noteatyet.categorie (id, immagine, nome) VALUES (12, 'cinese.jpg', 'Cinese');
INSERT INTO noteatyet.categorie (id, immagine, nome) VALUES (13, 'messicano.jpg', 'Messicano');
INSERT INTO noteatyet.categorie (id, immagine, nome) VALUES (14, 'indiano.jpg', 'Indiano');
INSERT INTO noteatyet.categorie (id, immagine, nome) VALUES (15, 'kebab.jpg', 'Kebab');
INSERT INTO noteatyet.categorie (id, immagine, nome) VALUES (16, 'dolci.jpg', 'Dolci');
INSERT INTO noteatyet.categorie (id, immagine, nome) VALUES (17, 'vini.jpg', 'Vini');
INSERT INTO noteatyet.categorie (id, immagine, nome) VALUES (18, 'digestivi.jpg', 'Digestivi');
INSERT INTO noteatyet.categorie (id, immagine, nome) VALUES (19, 'bevande.jpg', 'Bevande');
INSERT INTO noteatyet.categorie (id, immagine, nome) VALUES (20, 'bevande.jpg', 'Caffetteria');

INSERT INTO noteatyet.ristoranti (id, citta, immagini, ncivico, piva, ragionesociale, regione, via, user_id) VALUES (1, 'Varese', 'laperla.jpg', 12, '28623760197', 'La perla', 'Lombardia', 'Via Cattaneo', 2);
INSERT INTO noteatyet.ristoranti (id, citta, immagini, ncivico, piva, ragionesociale, regione, via, user_id) VALUES (2, 'Varese', 'buongusto.jpg', 33, '28643980924', 'Buon Gusto', 'Lombardia', 'Via Impero', 2);
INSERT INTO noteatyet.ristoranti (id, citta, immagini, ncivico, piva, ragionesociale, regione, via, user_id) VALUES (3, 'Calcinate del Pesce', 'mizu.jpg', 55, '55174620652', 'Mizu', 'Lombardia', 'Via San Vito', 2);
INSERT INTO noteatyet.ristoranti (id, citta, immagini, ncivico, piva, ragionesociale, regione, via, user_id) VALUES (4, 'Sappada', 'ristorante1.png', 10, '0 7 6 4 3 5 2 0 5 6 C', 'La Grotta', 'Friuli Venezia Giulia', 'Via Roccia Maggiore', 4);
INSERT INTO noteatyet.ristoranti (id, citta, immagini, ncivico, piva, ragionesociale, regione, via, user_id) VALUES (5, 'Amalfi', 'ristorante2.png', 32, '0 7 6 4 3 5 2 0 5 6 A', 'Belevedere', 'Campania', 'Via per Positano', 4);
INSERT INTO noteatyet.ristoranti (id, citta, immagini, ncivico, piva, ragionesociale, regione, via, user_id) VALUES (6, 'Costa Smeralda', 'ristorante3.png', 90, '0 7 6 4 3 5 2 0 5 6 B', 'Sax Beach', 'Sardegna', 'Via sex on the beach', 4);
INSERT INTO noteatyet.ristoranti (id, citta, immagini, ncivico, piva, ragionesociale, regione, via, user_id) VALUES (7, 'Gallipoli', 'ristorante4.png', 63, '0 7 6 4 3 5 2 0 5 6 D', 'Aperitif', 'Puglia', 'Via porto mercantile', 4);
INSERT INTO noteatyet.ristoranti (id, citta, immagini, ncivico, piva, ragionesociale, regione, via, user_id) VALUES (8, 'Lecce (Le)', 'mcdonalds.png', 50, '059716775758-1', 'Mc Donalds', 'Puglia', 'Via Salvatore Trinchese, 73100 ', 5);
INSERT INTO noteatyet.ristoranti (id, citta, immagini, ncivico, piva, ragionesociale, regione, via, user_id) VALUES (9, 'Milano', 'burgerking.jpg', 20, '0479464946-5', 'Burger King', 'Lombardia', 'Corso Sempione', 5);
INSERT INTO noteatyet.ristoranti (id, citta, immagini, ncivico, piva, ragionesociale, regione, via, user_id) VALUES (10, 'Bristol', 'piccolino.jpg', 104, '049996766949', 'Piccolino Restaurant', 'Avon', 'Bond Street', 5);
INSERT INTO noteatyet.ristoranti (id, citta, immagini, ncivico, piva, ragionesociale, regione, via, user_id) VALUES (11, 'Torino', null, 4, '431234324455324', 'Da Cianci ', 'Piemonte', 'Via 4 Marzo', 3);
INSERT INTO noteatyet.ristoranti (id, citta, immagini, ncivico, piva, ragionesociale, regione, via, user_id) VALUES (12, 'Roma', 'Montagna-Verde-Ristorante-La-Torre-2.jpg', 1, '235465753457', 'La Torre', 'Lazio', 'Via dei Poveri Cristi', 3);
INSERT INTO noteatyet.ristoranti (id, citta, immagini, ncivico, piva, ragionesociale, regione, via, user_id) VALUES (13, 'Palermo', 'bugerdownload.jpg', 11, '253458984322', 'Crazy Mouth', 'Sicilia', 'Via dei Caimani D''argento', 3);
INSERT INTO noteatyet.ristoranti (id, citta, immagini, ncivico, piva, ragionesociale, regione, via, user_id) VALUES (14, 'Milano', 'Trattoria-Montepulciano-Insegne-Antiche.jpg', 3, '3325422222324', 'Sapori di una volta', 'Lombardia', 'Via Bruttoscanu', 3);

INSERT INTO noteatyet.piatti (id, nome, prezzo, categoria_id, ristorante_id) VALUES (1, 'Barca', 34.33, 11, 3);
INSERT INTO noteatyet.piatti (id, nome, prezzo, categoria_id, ristorante_id) VALUES (2, 'Spaghetti di riso verdure e gamberetti', 4.5, 2, 3);
INSERT INTO noteatyet.piatti (id, nome, prezzo, categoria_id, ristorante_id) VALUES (3, 'Involtini di gamberi', 5.5, 11, 3);
INSERT INTO noteatyet.piatti (id, nome, prezzo, categoria_id, ristorante_id) VALUES (4, 'Dosa e Masala Dosa', 7, 14, 2);
INSERT INTO noteatyet.piatti (id, nome, prezzo, categoria_id, ristorante_id) VALUES (5, 'Kashmiri Aloo Dum', 8, 7, 2);
INSERT INTO noteatyet.piatti (id, nome, prezzo, categoria_id, ristorante_id) VALUES (6, 'Pollo Tikka Masala', 12, 14, 2);
INSERT INTO noteatyet.piatti (id, nome, prezzo, categoria_id, ristorante_id) VALUES (7, 'Pizza Margherita', 4.5, 1, 1);
INSERT INTO noteatyet.piatti (id, nome, prezzo, categoria_id, ristorante_id) VALUES (8, 'Pizza Bolognose', 7.7, 1, 1);
INSERT INTO noteatyet.piatti (id, nome, prezzo, categoria_id, ristorante_id) VALUES (9, 'Pizza Capricciosa', 7, 1, 1);
INSERT INTO noteatyet.piatti (id, nome, prezzo, categoria_id, ristorante_id) VALUES (10, 'Pizza estiva', 8, 1, 1);
INSERT INTO noteatyet.piatti (id, nome, prezzo, categoria_id, ristorante_id) VALUES (11, 'Pizza Rustica', 7, 1, 1);
INSERT INTO noteatyet.piatti (id, nome, prezzo, categoria_id, ristorante_id) VALUES (12, 'Piazza Pippo', 8, 1, 1);
INSERT INTO noteatyet.piatti (id, nome, prezzo, categoria_id, ristorante_id) VALUES (13, 'Tagliata di montone', 30, 3, 4);
INSERT INTO noteatyet.piatti (id, nome, prezzo, categoria_id, ristorante_id) VALUES (14, 'Contorno di campo', 7, 8, 4);
INSERT INTO noteatyet.piatti (id, nome, prezzo, categoria_id, ristorante_id) VALUES (15, 'Pizza anti-ananas', 7, 1, 5);
INSERT INTO noteatyet.piatti (id, nome, prezzo, categoria_id, ristorante_id) VALUES (16, 'Poldo', 12, 4, 5);
INSERT INTO noteatyet.piatti (id, nome, prezzo, categoria_id, ristorante_id) VALUES (17, 'Giro alcolico misto', 30, 18, 6);
INSERT INTO noteatyet.piatti (id, nome, prezzo, categoria_id, ristorante_id) VALUES (18, 'Chardonnay invecchiato anno "0"', 1000000000, 17, 7);
INSERT INTO noteatyet.piatti (id, nome, prezzo, categoria_id, ristorante_id) VALUES (19, 'Pesce Divino', 1000000000, 6, 7);
INSERT INTO noteatyet.piatti (id, nome, prezzo, categoria_id, ristorante_id) VALUES (20, 'Tartare di Tonno', 15, 6, 6);
INSERT INTO noteatyet.piatti (id, nome, prezzo, categoria_id, ristorante_id) VALUES (21, 'Gran Crispy McBacon®', 8.99, 4, 8);
INSERT INTO noteatyet.piatti (id, nome, prezzo, categoria_id, ristorante_id) VALUES (22, 'Big Mac®', 8.99, 4, 8);
INSERT INTO noteatyet.piatti (id, nome, prezzo, categoria_id, ristorante_id) VALUES (23, 'McChicken® Originale', 7.99, 4, 8);
INSERT INTO noteatyet.piatti (id, nome, prezzo, categoria_id, ristorante_id) VALUES (24, 'Caesar Salad con pollo croccante', 5.99, 8, 8);
INSERT INTO noteatyet.piatti (id, nome, prezzo, categoria_id, ristorante_id) VALUES (25, 'Fanta', 1.99, 19, 8);
INSERT INTO noteatyet.piatti (id, nome, prezzo, categoria_id, ristorante_id) VALUES (26, 'Caffè', 1.99, 20, 8);
INSERT INTO noteatyet.piatti (id, nome, prezzo, categoria_id, ristorante_id) VALUES (27, 'BACON KING 3.0 RANCH SAUCE', 6.99, 4, 9);
INSERT INTO noteatyet.piatti (id, nome, prezzo, categoria_id, ristorante_id) VALUES (28, 'KING FUSION® NESCAFÈ®', 1.99, 16, 9);
INSERT INTO noteatyet.piatti (id, nome, prezzo, categoria_id, ristorante_id) VALUES (29, 'Coca Cola', 1.99, 19, 9);
INSERT INTO noteatyet.piatti (id, nome, prezzo, categoria_id, ristorante_id) VALUES (30, 'Caffè', 1.99, 20, 9);
INSERT INTO noteatyet.piatti (id, nome, prezzo, categoria_id, ristorante_id) VALUES (31, 'Pesce Spada', 10.99, 6, 10);
INSERT INTO noteatyet.piatti (id, nome, prezzo, categoria_id, ristorante_id) VALUES (32, 'Tignanello', 20.99, 17, 10);
INSERT INTO noteatyet.piatti (id, nome, prezzo, categoria_id, ristorante_id) VALUES (33, 'Vega Sicilia', 55, 17, 10);
INSERT INTO noteatyet.piatti (id, nome, prezzo, categoria_id, ristorante_id) VALUES (34, 'Caffè', 1.99, 20, 10);
INSERT INTO noteatyet.piatti (id, nome, prezzo, categoria_id, ristorante_id) VALUES (35, 'Paella', 10.5, 10, 10);
INSERT INTO noteatyet.piatti (id, nome, prezzo, categoria_id, ristorante_id) VALUES (36, 'Sushi', 10.6, 11, 10);
INSERT INTO noteatyet.piatti (id, nome, prezzo, categoria_id, ristorante_id) VALUES (37, 'Tortino al Cioccolato', 10.4, 16, 10);
INSERT INTO noteatyet.piatti (id, nome, prezzo, categoria_id, ristorante_id) VALUES (38, 'Pizza Margherita', 15.9, 1, 10);
INSERT INTO noteatyet.piatti (id, nome, prezzo, categoria_id, ristorante_id) VALUES (39, 'Tartar di Carne', 11, 3, 11);
INSERT INTO noteatyet.piatti (id, nome, prezzo, categoria_id, ristorante_id) VALUES (40, 'Crepes ', 6, 16, 11);
INSERT INTO noteatyet.piatti (id, nome, prezzo, categoria_id, ristorante_id) VALUES (41, 'Amatriciana', 12, 2, 12);
INSERT INTO noteatyet.piatti (id, nome, prezzo, categoria_id, ristorante_id) VALUES (42, 'Spada e Ciliegino', 24, 6, 12);
INSERT INTO noteatyet.piatti (id, nome, prezzo, categoria_id, ristorante_id) VALUES (43, 'Pesto Doppio', 9, 2, 12);
INSERT INTO noteatyet.piatti (id, nome, prezzo, categoria_id, ristorante_id) VALUES (44, 'Hot Burger ', 7, 1, 13);
INSERT INTO noteatyet.piatti (id, nome, prezzo, categoria_id, ristorante_id) VALUES (45, 'Pollo e patate', 7, 3, 14);

INSERT INTO noteatyet.ingredienti (id, nome, piatto_id) VALUES (1, 'scampi', 1);
INSERT INTO noteatyet.ingredienti (id, nome, piatto_id) VALUES (2, 'alghe', 1);
INSERT INTO noteatyet.ingredienti (id, nome, piatto_id) VALUES (3, 'tonno', 1);
INSERT INTO noteatyet.ingredienti (id, nome, piatto_id) VALUES (4, 'riso', 1);
INSERT INTO noteatyet.ingredienti (id, nome, piatto_id) VALUES (5, 'edamame', 1);
INSERT INTO noteatyet.ingredienti (id, nome, piatto_id) VALUES (6, 'salmone', 1);
INSERT INTO noteatyet.ingredienti (id, nome, piatto_id) VALUES (7, 'spaghetti di riso', 2);
INSERT INTO noteatyet.ingredienti (id, nome, piatto_id) VALUES (8, 'mix verdure', 2);
INSERT INTO noteatyet.ingredienti (id, nome, piatto_id) VALUES (9, 'gamberetti', 2);
INSERT INTO noteatyet.ingredienti (id, nome, piatto_id) VALUES (10, 'uova', 2);
INSERT INTO noteatyet.ingredienti (id, nome, piatto_id) VALUES (11, 'Pastella', 3);
INSERT INTO noteatyet.ingredienti (id, nome, piatto_id) VALUES (12, 'gamberi', 3);
INSERT INTO noteatyet.ingredienti (id, nome, piatto_id) VALUES (13, 'verze', 3);
INSERT INTO noteatyet.ingredienti (id, nome, piatto_id) VALUES (14, 'patate', 4);
INSERT INTO noteatyet.ingredienti (id, nome, piatto_id) VALUES (15, 'coriandolo', 4);
INSERT INTO noteatyet.ingredienti (id, nome, piatto_id) VALUES (16, 'riso', 4);
INSERT INTO noteatyet.ingredienti (id, nome, piatto_id) VALUES (17, 'lenticchie', 4);
INSERT INTO noteatyet.ingredienti (id, nome, piatto_id) VALUES (18, 'curcuma', 4);
INSERT INTO noteatyet.ingredienti (id, nome, piatto_id) VALUES (19, 'curry', 4);
INSERT INTO noteatyet.ingredienti (id, nome, piatto_id) VALUES (20, 'cipolle', 4);
INSERT INTO noteatyet.ingredienti (id, nome, piatto_id) VALUES (21, 'patate', 5);
INSERT INTO noteatyet.ingredienti (id, nome, piatto_id) VALUES (22, 'salsa yougurt', 5);
INSERT INTO noteatyet.ingredienti (id, nome, piatto_id) VALUES (23, 'pomodoro', 5);
INSERT INTO noteatyet.ingredienti (id, nome, piatto_id) VALUES (24, 'curry', 5);
INSERT INTO noteatyet.ingredienti (id, nome, piatto_id) VALUES (25, 'mix di spezie', 5);
INSERT INTO noteatyet.ingredienti (id, nome, piatto_id) VALUES (26, 'yougurt', 6);
INSERT INTO noteatyet.ingredienti (id, nome, piatto_id) VALUES (27, 'pollo', 6);
INSERT INTO noteatyet.ingredienti (id, nome, piatto_id) VALUES (28, 'spezie', 6);
INSERT INTO noteatyet.ingredienti (id, nome, piatto_id) VALUES (29, 'masala', 6);
INSERT INTO noteatyet.ingredienti (id, nome, piatto_id) VALUES (30, 'pomodoro', 7);
INSERT INTO noteatyet.ingredienti (id, nome, piatto_id) VALUES (31, 'mozzarella', 7);
INSERT INTO noteatyet.ingredienti (id, nome, piatto_id) VALUES (32, 'pomodoro', 8);
INSERT INTO noteatyet.ingredienti (id, nome, piatto_id) VALUES (33, 'mozzarella', 8);
INSERT INTO noteatyet.ingredienti (id, nome, piatto_id) VALUES (34, 'mortadella IGP', 8);
INSERT INTO noteatyet.ingredienti (id, nome, piatto_id) VALUES (35, 'aceto balsamico', 8);
INSERT INTO noteatyet.ingredienti (id, nome, piatto_id) VALUES (36, 'rucola', 8);
INSERT INTO noteatyet.ingredienti (id, nome, piatto_id) VALUES (37, 'mozzarella', 9);
INSERT INTO noteatyet.ingredienti (id, nome, piatto_id) VALUES (38, 'pomodoro', 9);
INSERT INTO noteatyet.ingredienti (id, nome, piatto_id) VALUES (39, 'prosciutto', 9);
INSERT INTO noteatyet.ingredienti (id, nome, piatto_id) VALUES (40, 'funghi', 9);
INSERT INTO noteatyet.ingredienti (id, nome, piatto_id) VALUES (41, 'carciofi', 9);
INSERT INTO noteatyet.ingredienti (id, nome, piatto_id) VALUES (42, 'pomodoro', 10);
INSERT INTO noteatyet.ingredienti (id, nome, piatto_id) VALUES (43, 'mozzarella', 10);
INSERT INTO noteatyet.ingredienti (id, nome, piatto_id) VALUES (44, 'rucola', 10);
INSERT INTO noteatyet.ingredienti (id, nome, piatto_id) VALUES (45, 'pomodoro a fette', 10);
INSERT INTO noteatyet.ingredienti (id, nome, piatto_id) VALUES (46, 'mozzarella di bufala', 10);
INSERT INTO noteatyet.ingredienti (id, nome, piatto_id) VALUES (47, 'pomodoro', 11);
INSERT INTO noteatyet.ingredienti (id, nome, piatto_id) VALUES (48, 'mozzarella', 11);
INSERT INTO noteatyet.ingredienti (id, nome, piatto_id) VALUES (49, 'pancetta nostrana', 11);
INSERT INTO noteatyet.ingredienti (id, nome, piatto_id) VALUES (50, 'grana in polvere', 11);
INSERT INTO noteatyet.ingredienti (id, nome, piatto_id) VALUES (51, 'pomodoro', 12);
INSERT INTO noteatyet.ingredienti (id, nome, piatto_id) VALUES (52, 'salame piccante', 12);
INSERT INTO noteatyet.ingredienti (id, nome, piatto_id) VALUES (53, 'mozzarella', 12);
INSERT INTO noteatyet.ingredienti (id, nome, piatto_id) VALUES (54, 'olive nere', 12);
INSERT INTO noteatyet.ingredienti (id, nome, piatto_id) VALUES (55, 'scamorza', 12);
INSERT INTO noteatyet.ingredienti (id, nome, piatto_id) VALUES (92, 'Spezie di campo', 13);
INSERT INTO noteatyet.ingredienti (id, nome, piatto_id) VALUES (93, 'Pepe', 13);
INSERT INTO noteatyet.ingredienti (id, nome, piatto_id) VALUES (94, 'Olio extravergine di oliva', 13);
INSERT INTO noteatyet.ingredienti (id, nome, piatto_id) VALUES (95, 'Sale', 13);
INSERT INTO noteatyet.ingredienti (id, nome, piatto_id) VALUES (96, 'Carne di montone', 13);
INSERT INTO noteatyet.ingredienti (id, nome, piatto_id) VALUES (97, 'Mix di insalate di campo', 14);
INSERT INTO noteatyet.ingredienti (id, nome, piatto_id) VALUES (98, 'Salsa', 15);
INSERT INTO noteatyet.ingredienti (id, nome, piatto_id) VALUES (99, 'Basilico', 15);
INSERT INTO noteatyet.ingredienti (id, nome, piatto_id) VALUES (100, 'Olio extravergine di oliva', 15);
INSERT INTO noteatyet.ingredienti (id, nome, piatto_id) VALUES (101, 'Pizza', 15);
INSERT INTO noteatyet.ingredienti (id, nome, piatto_id) VALUES (102, 'Sale', 15);
INSERT INTO noteatyet.ingredienti (id, nome, piatto_id) VALUES (103, 'NO ANANAS', 15);
INSERT INTO noteatyet.ingredienti (id, nome, piatto_id) VALUES (104, 'Salsa BBQ', 16);
INSERT INTO noteatyet.ingredienti (id, nome, piatto_id) VALUES (105, 'Insalata', 16);
INSERT INTO noteatyet.ingredienti (id, nome, piatto_id) VALUES (106, 'Sale affumicato', 16);
INSERT INTO noteatyet.ingredienti (id, nome, piatto_id) VALUES (107, 'Hamburger', 16);
INSERT INTO noteatyet.ingredienti (id, nome, piatto_id) VALUES (108, 'Pomodorini', 16);
INSERT INTO noteatyet.ingredienti (id, nome, piatto_id) VALUES (109, 'Panino', 16);
INSERT INTO noteatyet.ingredienti (id, nome, piatto_id) VALUES (110, 'Chupito di Whiskey', 17);
INSERT INTO noteatyet.ingredienti (id, nome, piatto_id) VALUES (111, 'Chupito di Rum', 17);
INSERT INTO noteatyet.ingredienti (id, nome, piatto_id) VALUES (112, 'Chupito di Vodka', 17);
INSERT INTO noteatyet.ingredienti (id, nome, piatto_id) VALUES (113, 'Chupito di Tequila', 17);
INSERT INTO noteatyet.ingredienti (id, nome, piatto_id) VALUES (114, 'Chupito di Assenzio', 17);
INSERT INTO noteatyet.ingredienti (id, nome, piatto_id) VALUES (115, 'Chupito di Limoncello', 17);
INSERT INTO noteatyet.ingredienti (id, nome, piatto_id) VALUES (116, 'Chupito di Cognac', 17);
INSERT INTO noteatyet.ingredienti (id, nome, piatto_id) VALUES (117, 'Chupito di Gin', 17);
INSERT INTO noteatyet.ingredienti (id, nome, piatto_id) VALUES (118, 'Chiamata del 118 incluso', 17);
INSERT INTO noteatyet.ingredienti (id, nome, piatto_id) VALUES (119, 'Chupito di Latte della Suocera', 17);
INSERT INTO noteatyet.ingredienti (id, nome, piatto_id) VALUES (120, 'Vino direttamente pestato ed imbottigliato dall'' Altissimo', 18);
INSERT INTO noteatyet.ingredienti (id, nome, piatto_id) VALUES (121, 'Direttamente pescato dall'' Altissimo', 19);
INSERT INTO noteatyet.ingredienti (id, nome, piatto_id) VALUES (122, 'Pesce congelato da 2000 anni', 19);
INSERT INTO noteatyet.ingredienti (id, nome, piatto_id) VALUES (123, 'Cardamomo', 20);
INSERT INTO noteatyet.ingredienti (id, nome, piatto_id) VALUES (124, 'Lime', 20);
INSERT INTO noteatyet.ingredienti (id, nome, piatto_id) VALUES (125, 'Tonno fresco', 20);
INSERT INTO noteatyet.ingredienti (id, nome, piatto_id) VALUES (126, 'Pepe rosa', 20);
INSERT INTO noteatyet.ingredienti (id, nome, piatto_id) VALUES (127, 'Olio extravergine di oliva ', 20);
INSERT INTO noteatyet.ingredienti (id, nome, piatto_id) VALUES (170, 'Carne 100% Bovina', 21);
INSERT INTO noteatyet.ingredienti (id, nome, piatto_id) VALUES (171, 'Bacon', 21);
INSERT INTO noteatyet.ingredienti (id, nome, piatto_id) VALUES (172, 'Salsa', 21);
INSERT INTO noteatyet.ingredienti (id, nome, piatto_id) VALUES (173, 'Pane', 21);
INSERT INTO noteatyet.ingredienti (id, nome, piatto_id) VALUES (174, 'Formaggio', 21);
INSERT INTO noteatyet.ingredienti (id, nome, piatto_id) VALUES (175, 'Pane', 22);
INSERT INTO noteatyet.ingredienti (id, nome, piatto_id) VALUES (176, 'Carne 100% Bovina', 22);
INSERT INTO noteatyet.ingredienti (id, nome, piatto_id) VALUES (177, 'Formaggio', 22);
INSERT INTO noteatyet.ingredienti (id, nome, piatto_id) VALUES (178, 'Insalata', 22);
INSERT INTO noteatyet.ingredienti (id, nome, piatto_id) VALUES (179, 'Salsa', 22);
INSERT INTO noteatyet.ingredienti (id, nome, piatto_id) VALUES (180, 'Cipolla', 22);
INSERT INTO noteatyet.ingredienti (id, nome, piatto_id) VALUES (181, 'Cetriolo', 22);
INSERT INTO noteatyet.ingredienti (id, nome, piatto_id) VALUES (182, 'Pane', 23);
INSERT INTO noteatyet.ingredienti (id, nome, piatto_id) VALUES (183, '100% Pollo', 23);
INSERT INTO noteatyet.ingredienti (id, nome, piatto_id) VALUES (184, 'Insalata ', 23);
INSERT INTO noteatyet.ingredienti (id, nome, piatto_id) VALUES (185, 'Salsa', 23);
INSERT INTO noteatyet.ingredienti (id, nome, piatto_id) VALUES (186, 'Insalata', 24);
INSERT INTO noteatyet.ingredienti (id, nome, piatto_id) VALUES (187, 'Pollo', 24);
INSERT INTO noteatyet.ingredienti (id, nome, piatto_id) VALUES (188, 'Olio', 24);
INSERT INTO noteatyet.ingredienti (id, nome, piatto_id) VALUES (189, 'Pomodorini', 24);
INSERT INTO noteatyet.ingredienti (id, nome, piatto_id) VALUES (190, 'Pane', 27);
INSERT INTO noteatyet.ingredienti (id, nome, piatto_id) VALUES (191, 'Bacon', 27);
INSERT INTO noteatyet.ingredienti (id, nome, piatto_id) VALUES (192, 'Carne', 27);
INSERT INTO noteatyet.ingredienti (id, nome, piatto_id) VALUES (193, 'Formaggio', 27);
INSERT INTO noteatyet.ingredienti (id, nome, piatto_id) VALUES (194, 'Salsa', 27);
INSERT INTO noteatyet.ingredienti (id, nome, piatto_id) VALUES (195, 'Gelato', 28);
INSERT INTO noteatyet.ingredienti (id, nome, piatto_id) VALUES (196, 'Uova', 28);
INSERT INTO noteatyet.ingredienti (id, nome, piatto_id) VALUES (197, 'Panna', 28);
INSERT INTO noteatyet.ingredienti (id, nome, piatto_id) VALUES (198, 'Latte', 28);
INSERT INTO noteatyet.ingredienti (id, nome, piatto_id) VALUES (199, 'Orzo', 28);
INSERT INTO noteatyet.ingredienti (id, nome, piatto_id) VALUES (200, 'Olio', 31);
INSERT INTO noteatyet.ingredienti (id, nome, piatto_id) VALUES (201, 'Pesce', 31);
INSERT INTO noteatyet.ingredienti (id, nome, piatto_id) VALUES (202, 'Limone', 31);
INSERT INTO noteatyet.ingredienti (id, nome, piatto_id) VALUES (203, 'Riso', 35);
INSERT INTO noteatyet.ingredienti (id, nome, piatto_id) VALUES (204, 'Pesce', 35);
INSERT INTO noteatyet.ingredienti (id, nome, piatto_id) VALUES (205, 'Pomodoro', 35);
INSERT INTO noteatyet.ingredienti (id, nome, piatto_id) VALUES (206, 'Riso', 36);
INSERT INTO noteatyet.ingredienti (id, nome, piatto_id) VALUES (207, 'Alga', 36);
INSERT INTO noteatyet.ingredienti (id, nome, piatto_id) VALUES (208, 'Pesce', 36);
INSERT INTO noteatyet.ingredienti (id, nome, piatto_id) VALUES (209, 'Tortino', 37);
INSERT INTO noteatyet.ingredienti (id, nome, piatto_id) VALUES (210, 'Cioccolato', 37);
INSERT INTO noteatyet.ingredienti (id, nome, piatto_id) VALUES (211, 'Pizza Pane', 38);
INSERT INTO noteatyet.ingredienti (id, nome, piatto_id) VALUES (212, 'Sugo', 38);
INSERT INTO noteatyet.ingredienti (id, nome, piatto_id) VALUES (213, 'Mozzarella', 38);
INSERT INTO noteatyet.ingredienti (id, nome, piatto_id) VALUES (214, 'Basilico', 38);
INSERT INTO noteatyet.ingredienti (id, nome, piatto_id) VALUES (215, 'Olio', 38);
INSERT INTO noteatyet.ingredienti (id, nome, piatto_id) VALUES (216, 'limone', 39);
INSERT INTO noteatyet.ingredienti (id, nome, piatto_id) VALUES (217, 'vitello', 39);
INSERT INTO noteatyet.ingredienti (id, nome, piatto_id) VALUES (218, 'uova', 39);
INSERT INTO noteatyet.ingredienti (id, nome, piatto_id) VALUES (219, 'pepe,sale', 39);
INSERT INTO noteatyet.ingredienti (id, nome, piatto_id) VALUES (220, 'farina', 40);
INSERT INTO noteatyet.ingredienti (id, nome, piatto_id) VALUES (221, 'latte', 40);
INSERT INTO noteatyet.ingredienti (id, nome, piatto_id) VALUES (222, 'fragole', 40);
INSERT INTO noteatyet.ingredienti (id, nome, piatto_id) VALUES (223, 'cioccolato', 40);
INSERT INTO noteatyet.ingredienti (id, nome, piatto_id) VALUES (224, 'panna', 40);
INSERT INTO noteatyet.ingredienti (id, nome, piatto_id) VALUES (225, 'cacao in polvere', 40);
INSERT INTO noteatyet.ingredienti (id, nome, piatto_id) VALUES (226, 'bucatini', 41);
INSERT INTO noteatyet.ingredienti (id, nome, piatto_id) VALUES (227, 'sugo', 41);
INSERT INTO noteatyet.ingredienti (id, nome, piatto_id) VALUES (228, 'cipolla', 41);
INSERT INTO noteatyet.ingredienti (id, nome, piatto_id) VALUES (229, 'guanciale', 41);
INSERT INTO noteatyet.ingredienti (id, nome, piatto_id) VALUES (230, 'pesce spada', 42);
INSERT INTO noteatyet.ingredienti (id, nome, piatto_id) VALUES (231, 'ciliegino', 42);
INSERT INTO noteatyet.ingredienti (id, nome, piatto_id) VALUES (232, 'melanzane', 42);
INSERT INTO noteatyet.ingredienti (id, nome, piatto_id) VALUES (233, 'menta', 42);
INSERT INTO noteatyet.ingredienti (id, nome, piatto_id) VALUES (234, 'basilico', 43);
INSERT INTO noteatyet.ingredienti (id, nome, piatto_id) VALUES (235, 'ciliegino', 43);
INSERT INTO noteatyet.ingredienti (id, nome, piatto_id) VALUES (236, 'mandorle', 43);
INSERT INTO noteatyet.ingredienti (id, nome, piatto_id) VALUES (237, 'aglio', 43);
INSERT INTO noteatyet.ingredienti (id, nome, piatto_id) VALUES (238, 'pinoli', 43);
INSERT INTO noteatyet.ingredienti (id, nome, piatto_id) VALUES (239, 'melanzane ', 43);
INSERT INTO noteatyet.ingredienti (id, nome, piatto_id) VALUES (240, 'burger di vitello', 44);
INSERT INTO noteatyet.ingredienti (id, nome, piatto_id) VALUES (241, 'cipolla', 44);
INSERT INTO noteatyet.ingredienti (id, nome, piatto_id) VALUES (242, 'lattuga', 44);
INSERT INTO noteatyet.ingredienti (id, nome, piatto_id) VALUES (243, 'pollo ', 45);
INSERT INTO noteatyet.ingredienti (id, nome, piatto_id) VALUES (244, 'rosmarino', 45);
INSERT INTO noteatyet.ingredienti (id, nome, piatto_id) VALUES (245, 'patate a forno', 45);